{"test_loss": 1.0418640971183777, "test_accuracy": 0.623333352804184, "test_acc_sterr": 0.03608803026503379, "_runtime": 257, "_timestamp": 1653320926, "_step": 0, "_wandb": {"runtime": 255}}