{"test_loss": 0.06447485983371734, "test_accuracy": 0.19999998807907104, "_runtime": 1849, "_timestamp": 1653560079, "_step": 0, "_wandb": {"runtime": 1846}}