{"test_loss": 0.06437754929065705, "test_accuracy": 0.19999998807907104, "_runtime": 39682, "_timestamp": 1653601585, "_step": 0, "_wandb": {"runtime": 39679}}