{"graph_0": {"_type": "graph-file", "path": "media/graph/graph_0_summary_05586290.graph.json", "sha256": "05586290f8cd956498456605088152c59f74643adaa34935e0ccc2bef668715d", "size": 1207}, "task_num": 99, "student_reward": -5.772968734540045, "teacher_task": {"goal_angle": 0}, "_runtime": 446, "_timestamp": 1622716663, "_step": 138, "reward_std": 1.8408757399224644, "mean_reward": -4.941593100963775, "total_reward": -2470.796550481887, "task_rewards": [-5.3215259158244494, -5.024135543729725, -4.528363868583562, -5.92515516081263, -2.5944376391827384, -4.577015863091602, -4.547379737157324, -4.595990106862122, -6.113288885303727, -6.1886382890898695], "best_subtask_reward": -2.5944376391827384, "best_subtask_index": 4, "task_reward_corrs_goal_angle": -0.23544023442984208, "gradients/value_net.bias": {"_type": "histogram", "values": [0.0, 0.0, 0.0, 0.0, 0.0, 0.0, 0.0, 0.0, 0.0, 0.0, 0.0, 0.0, 0.0, 0.0, 0.0, 0.0, 0.0, 0.0, 0.0, 0.0, 0.0, 0.0, 0.0, 0.0, 0.0, 0.0, 0.0, 0.0, 0.0, 0.0, 0.0, 0.0, 1.0, 0.0, 0.0, 0.0, 0.0, 0.0, 0.0, 0.0, 0.0, 0.0, 0.0, 0.0, 0.0, 0.0, 0.0, 0.0, 0.0, 0.0, 0.0, 0.0, 0.0, 0.0, 0.0, 0.0, 0.0, 0.0, 0.0, 0.0, 0.0, 0.0, 0.0, 0.0], "bins": [2.732415199279785, 2.732415199279785, 2.732415199279785, 2.732415199279785, 2.732415199279785, 2.732415199279785, 2.732415199279785, 2.732415199279785, 2.732415199279785, 2.732415199279785, 2.732415199279785, 2.732415199279785, 2.732415199279785, 2.732415199279785, 2.732415199279785, 2.732415199279785, 2.732415199279785, 2.732415199279785, 2.732415199279785, 2.732415199279785, 2.732415199279785, 2.732415199279785, 2.732415199279785, 2.732415199279785, 2.732415199279785, 2.732415199279785, 2.732415199279785, 2.732415199279785, 2.732415199279785, 2.732415199279785, 2.732415199279785, 2.732415199279785, 2.732415199279785, 2.732415199279785, 2.732415199279785, 2.732415199279785, 2.732415199279785, 2.732415199279785, 2.732415199279785, 2.732415199279785, 2.732415199279785, 2.732415199279785, 2.732415199279785, 2.732415199279785, 2.732415199279785, 2.732415199279785, 2.732415199279785, 2.732415199279785, 2.732415199279785, 2.732415199279785, 2.732415199279785, 2.732415199279785, 2.732415199279785, 2.732415199279785, 2.732415199279785, 2.732415199279785, 2.732415199279785, 2.732415199279785, 2.732415199279785, 2.732415199279785, 2.732415199279785, 2.732415199279785, 2.732415199279785, 2.732415199279785, 2.732415199279785]}, "gradients/value_net.weight": {"_type": "histogram", "values": [6.0, 0.0, 0.0, 0.0, 0.0, 0.0, 0.0, 0.0, 0.0, 0.0, 0.0, 0.0, 0.0, 0.0, 0.0, 0.0, 0.0, 0.0, 0.0, 0.0, 0.0, 0.0, 0.0, 0.0, 0.0, 0.0, 0.0, 0.0, 0.0, 0.0, 0.0, 0.0, 0.0, 0.0, 0.0, 0.0, 0.0, 0.0, 0.0, 0.0, 0.0, 0.0, 0.0, 0.0, 0.0, 0.0, 0.0, 0.0, 0.0, 0.0, 0.0, 0.0, 0.0, 0.0, 0.0, 0.0, 0.0, 0.0, 0.0, 0.0, 0.0, 0.0, 0.0, 2.0], "bins": [-2.732414722442627, -2.647026777267456, -2.561638832092285, -2.4762508869171143, -2.3908629417419434, -2.3054749965667725, -2.2200870513916016, -2.1346988677978516, -2.0493111610412598, -1.9639232158660889, -1.878535270690918, -1.793147325515747, -1.7077593803405762, -1.6223714351654053, -1.5369833707809448, -1.451595425605774, -1.3662073612213135, -1.2808194160461426, -1.1954314708709717, -1.1100435256958008, -1.0246555805206299, -0.9392675757408142, -0.8538795709609985, -0.7684916257858276, -0.6831035614013672, -0.5977156162261963, -0.5123276710510254, -0.4269396662712097, -0.3415517210960388, -0.2561637759208679, -0.17077577114105225, -0.08538782596588135, 0.0, 0.08538796007633209, 0.17077592015266418, 0.25616389513015747, 0.34155184030532837, 0.42693978548049927, 0.5123277902603149, 0.5977157354354858, 0.6831035614013672, 0.7684915065765381, 0.853879451751709, 0.9392674565315247, 1.0246553421020508, 1.1100432872772217, 1.1954313516616821, 1.280819296836853, 1.3662073612213135, 1.4515953063964844, 1.5369832515716553, 1.6223711967468262, 1.707759141921997, 1.793147087097168, 1.8785351514816284, 1.9639230966567993, 2.0493111610412598, 2.1346991062164307, 2.2200870513916016, 2.3054749965667725, 2.3908629417419434, 2.4762508869171143, 2.561638832092285, 2.647027015686035, 2.732414722442627]}, "gradients/log_std": {"_type": "histogram", "values": [0.0, 0.0, 0.0, 0.0, 0.0, 0.0, 0.0, 0.0, 0.0, 0.0, 0.0, 0.0, 0.0, 0.0, 0.0, 0.0, 0.0, 0.0, 0.0, 0.0, 0.0, 0.0, 0.0, 0.0, 0.0, 0.0, 0.0, 0.0, 0.0, 0.0, 0.0, 0.0, 1.0, 0.0, 0.0, 0.0, 0.0, 0.0, 0.0, 0.0, 0.0, 0.0, 0.0, 0.0, 0.0, 0.0, 0.0, 0.0, 0.0, 0.0, 0.0, 0.0, 0.0, 0.0, 0.0, 0.0, 0.0, 0.0, 0.0, 0.0, 0.0, 0.0, 0.0, 0.0], "bins": [-1.5449661016464233, -1.5449661016464233, -1.5449661016464233, -1.5449661016464233, -1.5449661016464233, -1.5449661016464233, -1.5449661016464233, -1.5449661016464233, -1.5449661016464233, -1.5449661016464233, -1.5449661016464233, -1.5449661016464233, -1.5449661016464233, -1.5449661016464233, -1.5449661016464233, -1.5449661016464233, -1.5449661016464233, -1.5449661016464233, -1.5449661016464233, -1.5449661016464233, -1.5449661016464233, -1.5449661016464233, -1.5449661016464233, -1.5449661016464233, -1.5449661016464233, -1.5449661016464233, -1.5449661016464233, -1.5449661016464233, -1.5449661016464233, -1.5449661016464233, -1.5449661016464233, -1.5449661016464233, -1.5449661016464233, -1.5449661016464233, -1.5449661016464233, -1.5449661016464233, -1.5449661016464233, -1.5449661016464233, -1.5449661016464233, -1.5449661016464233, -1.5449661016464233, -1.5449661016464233, -1.5449661016464233, -1.5449661016464233, -1.5449661016464233, -1.5449661016464233, -1.5449661016464233, -1.5449661016464233, -1.5449661016464233, -1.5449661016464233, -1.5449661016464233, -1.5449661016464233, -1.5449661016464233, -1.5449661016464233, -1.5449661016464233, -1.5449661016464233, -1.5449661016464233, -1.5449661016464233, -1.5449661016464233, -1.5449661016464233, -1.5449661016464233, -1.5449661016464233, -1.5449661016464233, -1.5449661016464233, -1.5449661016464233]}, "gradients/action_net.bias": {"_type": "histogram", "values": [0.0, 0.0, 0.0, 0.0, 0.0, 0.0, 0.0, 0.0, 0.0, 0.0, 0.0, 0.0, 0.0, 0.0, 0.0, 0.0, 0.0, 0.0, 0.0, 0.0, 0.0, 0.0, 0.0, 0.0, 0.0, 0.0, 0.0, 0.0, 0.0, 0.0, 0.0, 0.0, 1.0, 0.0, 0.0, 0.0, 0.0, 0.0, 0.0, 0.0, 0.0, 0.0, 0.0, 0.0, 0.0, 0.0, 0.0, 0.0, 0.0, 0.0, 0.0, 0.0, 0.0, 0.0, 0.0, 0.0, 0.0, 0.0, 0.0, 0.0, 0.0, 0.0, 0.0, 0.0], "bins": [0.019837260246276855, 0.019837260246276855, 0.019837260246276855, 0.019837260246276855, 0.019837260246276855, 0.019837260246276855, 0.019837260246276855, 0.019837260246276855, 0.019837260246276855, 0.019837260246276855, 0.019837260246276855, 0.019837260246276855, 0.019837260246276855, 0.019837260246276855, 0.019837260246276855, 0.019837260246276855, 0.019837260246276855, 0.019837260246276855, 0.019837260246276855, 0.019837260246276855, 0.019837260246276855, 0.019837260246276855, 0.019837260246276855, 0.019837260246276855, 0.019837260246276855, 0.019837260246276855, 0.019837260246276855, 0.019837260246276855, 0.019837260246276855, 0.019837260246276855, 0.019837260246276855, 0.019837260246276855, 0.019837260246276855, 0.019837260246276855, 0.019837260246276855, 0.019837260246276855, 0.019837260246276855, 0.019837260246276855, 0.019837260246276855, 0.019837260246276855, 0.019837260246276855, 0.019837260246276855, 0.019837260246276855, 0.019837260246276855, 0.019837260246276855, 0.019837260246276855, 0.019837260246276855, 0.019837260246276855, 0.019837260246276855, 0.019837260246276855, 0.019837260246276855, 0.019837260246276855, 0.019837260246276855, 0.019837260246276855, 0.019837260246276855, 0.019837260246276855, 0.019837260246276855, 0.019837260246276855, 0.019837260246276855, 0.019837260246276855, 0.019837260246276855, 0.019837260246276855, 0.019837260246276855, 0.019837260246276855, 0.019837260246276855]}, "gradients/action_net.weight": {"_type": "histogram",