{"graph_0": {"_type": "graph-file", "path": "media/graph/graph_0_summary_61020a5e.graph.json", "sha256": "61020a5e8eafcbe0eedab0b8e445eb654a8f2627b2c29655361e249b41d53b2c", "size": 1207}, "task_num": 99, "student_reward": -5.769787676241249, "teacher_task": {"goal_angle": 3.141592653589793}, "_runtime": 532, "_timestamp": 1622716109, "_step": 138, "reward_std": 1.810700479330744, "mean_reward": -5.085900219255925, "total_reward": -2542.9501096279632, "task_rewards": [-6.119117771079535, -6.034821808328306, -5.6804256602383845, -4.927816727989348, -5.264546818573849, -3.8369333814745743, -3.52551744456339, -3.8682786877365216, -4.924603231128615, -6.67694066144674], "best_subtask_reward": -3.52551744456339, "best_subtask_index": 6, "task_reward_corrs_goal_angle": 0.29761728378533053, "gradients/value_net.bias": {"_type": "histogram", "values": [0.0, 0.0, 0.0, 0.0, 0.0, 0.0, 0.0, 0.0, 0.0, 0.0, 0.0, 0.0, 0.0, 0.0, 0.0, 0.0, 0.0, 0.0, 0.0, 0.0, 0.0, 0.0, 0.0, 0.0, 0.0, 0.0, 0.0, 0.0, 0.0, 0.0, 0.0, 0.0, 1.0, 0.0, 0.0, 0.0, 0.0, 0.0, 0.0, 0.0, 0.0, 0.0, 0.0, 0.0, 0.0, 0.0, 0.0, 0.0, 0.0, 0.0, 0.0, 0.0, 0.0, 0.0, 0.0, 0.0, 0.0, 0.0, 0.0, 0.0, 0.0, 0.0, 0.0, 0.0], "bins": [30.907289505004883, 30.907289505004883, 30.907289505004883, 30.907289505004883, 30.907289505004883, 30.907289505004883, 30.907289505004883, 30.907289505004883, 30.907289505004883, 30.907289505004883, 30.907289505004883, 30.907289505004883, 30.907289505004883, 30.907289505004883, 30.907289505004883, 30.907289505004883, 30.907289505004883, 30.907289505004883, 30.907289505004883, 30.907289505004883, 30.907289505004883, 30.907289505004883, 30.907289505004883, 30.907289505004883, 30.907289505004883, 30.907289505004883, 30.907289505004883, 30.907289505004883, 30.907289505004883, 30.907289505004883, 30.907289505004883, 30.907289505004883, 30.907289505004883, 30.907289505004883, 30.907289505004883, 30.907289505004883, 30.907289505004883, 30.907289505004883, 30.907289505004883, 30.907289505004883, 30.907289505004883, 30.907289505004883, 30.907289505004883, 30.907289505004883, 30.907289505004883, 30.907289505004883, 30.907289505004883, 30.907289505004883, 30.907289505004883, 30.907289505004883, 30.907289505004883, 30.907289505004883, 30.907289505004883, 30.907289505004883, 30.907289505004883, 30.907289505004883, 30.907289505004883, 30.907289505004883, 30.907289505004883, 30.907289505004883, 30.907289505004883, 30.907289505004883, 30.907289505004883, 30.907289505004883, 30.907289505004883]}, "gradients/value_net.weight": {"_type": "histogram", "values": [3.0, 0.0, 0.0, 0.0, 0.0, 0.0, 0.0, 0.0, 0.0, 0.0, 0.0, 0.0, 0.0, 0.0, 0.0, 0.0, 0.0, 0.0, 0.0, 0.0, 0.0, 0.0, 0.0, 0.0, 0.0, 0.0, 0.0, 0.0, 0.0, 0.0, 0.0, 0.0, 0.0, 0.0, 0.0, 0.0, 0.0, 0.0, 0.0, 0.0, 0.0, 0.0, 0.0, 0.0, 0.0, 0.0, 0.0, 0.0, 0.0, 0.0, 0.0, 0.0, 0.0, 0.0, 0.0, 0.0, 0.0, 0.0, 0.0, 0.0, 0.0, 0.0, 0.0, 5.0], "bins": [-30.90728759765625, -29.941434860229492, -28.975582122802734, -28.009729385375977, -27.04387664794922, -26.07802391052246, -25.112171173095703, -24.146318435668945, -23.180465698242188, -22.21461296081543, -21.248760223388672, -20.282907485961914, -19.317054748535156, -18.3512020111084, -17.38534927368164, -16.419496536254883, -15.453643798828125, -14.487791061401367, -13.52193832397461, -12.556085586547852, -11.590232849121094, -10.624380111694336, -9.658527374267578, -8.69267463684082, -7.7268218994140625, -6.760969161987305, -5.795116424560547, -4.829263687133789, -3.8634109497070312, -2.8975582122802734, -1.9317054748535156, -0.9658527374267578, 0.0, 0.9658527374267578, 1.9317054748535156, 2.8975582122802734, 3.8634109497070312, 4.829263687133789, 5.795116424560547, 6.760969161987305, 7.7268218994140625, 8.69267463684082, 9.658527374267578, 10.624380111694336, 11.590232849121094, 12.556085586547852, 13.52193832397461, 14.487791061401367, 15.453643798828125, 16.419496536254883, 17.38534927368164, 18.3512020111084, 19.317054748535156, 20.282907485961914, 21.248760223388672, 22.21461296081543, 23.180465698242188, 24.146318435668945, 25.112171173095703, 26.07802391052246, 27.04387664794922, 28.009729385375977, 28.975582122802734, 29.941434860229492, 30.90728759765625]}, "gradients/log_std": {"_type": "histogram", "values": [0.0, 0.0, 0.0, 0.0, 0.0, 0.0, 0.0, 0.0, 0.0, 0.0, 0.0, 0.0, 0.0, 0.0, 0.0, 0.0, 0.0, 0.0, 0.0, 0.0, 0.0, 0.0, 0.0, 0.0, 0.0, 0.0, 0.0, 0.0, 0.0, 0.0, 0.0, 0.0, 1.0, 0.0, 0.0, 0.0, 0.0, 0.0, 0.0, 0.0, 0.0, 0.0, 0.0, 0.0, 0.0, 0.0, 0.0, 0.0, 0.0, 0.0, 0.0, 0.0, 0.0, 0.0, 0.0, 0.0, 0.0, 0.0, 0.0, 0.0, 0.0, 0.0, 0.0, 0.0], "bins": [-20.74808120727539, -20.74808120727539, -20.74808120727539, -20.74808120727539, -20.74808120727539, -20.74808120727539, -20.74808120727539, -20.74808120727539, -20.74808120727539, -20.74808120727539, -20.74808120727539, -20.74808120727539, -20.74808120727539, -20.74808120727539, -20.74808120727539, -20.74808120727539, -20.74808120727539, -20.74808120727539, -20.74808120727539, -20.74808120727539, -20.74808120727539, -20.74808120727539, -20.74808120727539, -20.74808120727539, -20.74808120727539, -20.74808120727539, -20.74808120727539, -20.74808120727539, -20.74808120727539, -20.74808120727539, -20.74808120727539, -20.74808120727539, -20.74808120727539, -20.74808120727539, -20.74808120727539, -20.74808120727539, -20.74808120727539, -20.74808120727539, -20.74808120727539, -20.74808120727539, -20.74808120727539, -20.74808120727539, -20.74808120727539, -20.74808120727539, -20.74808120727539, -20.74808120727539, -20.74808120727539, -20.74808120727539, -20.74808120727539, -20.74808120727539, -20.74808120727539, -20.74808120727539, -20.74808120727539, -20.74808120727539, -20.74808120727539, -20.74808120727539, -20.74808120727539, -20.74808120727539, -20.74808120727539, -20.74808120727539, -20.74808120727539, -20.74808120727539, -20.74808120727539, -20.74808120727539, -20.74808120727539]}, "gradients/action_net.bias": {"_type": "histogram", "values": [0.0, 0.0, 0.0, 0.0, 0.0, 0.0, 0.0, 0.0, 0.0, 0.0, 0.0, 0.0, 0.0, 0.0, 0.0, 0.0, 0.0, 0.0, 0.0, 0.0, 0.0, 0.0, 0.0, 0.0, 0.0, 0.0, 0.0, 0.0, 0.0, 0.0, 0.0, 0.0, 1.0, 0.0, 0.0, 0.0, 0.0, 0.0, 0.0, 0.0, 0.0, 0.0, 0.0, 0.0, 0.0, 0.0, 0.0, 0.0, 0.0, 0.0, 0.0, 0.0, 0.0, 0.0, 0.0, 0.0, 0.0, 0.0, 0.0, 0.0, 0.0, 0.0, 0.0, 0.0], "bins": [7.931260108947754, 7.931260108947754, 7.931260108947754, 7.931260108947754, 7.931260108947754, 7.931260108947754, 7.931260108947754, 7.931260108947754, 7.931260108947754, 7.931260108947754, 7.931260108947754, 7.931260108947754, 7.931260108947754, 7.931260108947754, 7.931260108947754, 7.931260108947754, 7.931260108947754, 7.931260108947754, 7.931260108947754, 7.931260108947754, 7.931260108947754, 7.931260108947754, 7.931260108947754, 7.931260108947754, 7.931260108947754, 7.931260108947754, 7.931260108947754, 7.931260108947754, 7.931260108947754, 7.931260108947754, 7.931260108947754, 7.931260108947754, 7.931260108947754, 7.931260108947754, 7.931260108947754, 7.931260108947754, 7.931260108947754, 7.931260108947754, 7.931260108947754, 7.931260108947754, 7.931260108947754, 7.931260108947754, 7.931260108947754, 7.931260108947754, 7.931260108947754, 7.931260108947754, 7.931260108947754, 7.931260108947754, 7.931260108947754, 7.931260108947754, 7.931260108947754, 7.931260108947754, 7.931260108947754, 7.931260108947754, 7.931260108947754, 7.931260108947754, 7.931260108947754, 7.931260108947754, 7.931260108947754, 7.931260108947754, 7.931260108947754, 7.931260108947754, 7.931260108947754, 7.931260108947754, 7.931260108947754]}, "gradients/action_net.weight": {"_type": "histogram", "values": [3.0, 0.0, 0.0, 0.0, 0.0, 0.0, 0.0, 0.0, 0.0, 0.0, 0.0, 0.0, 0.0, 0.0, 0.0, 0.0, 0.0, 0.0, 0.0, 0.0, 0.0, 0.0, 0.0, 0.0, 0.0, 0.0, 0.0, 0.0, 0.0, 0.0, 0.0, 0.0, 0.0, 0.0, 0.0, 0.0, 0.0, 0.0, 0.0, 0.0, 0.0, 0.0, 0.0, 0.0, 0.0, 0.0, 0.0, 0.0, 0.0, 0.0, 0.0, 0.0, 0.0, 0.0, 0.0, 0.0, 0.0, 0.0, 0.0, 0.0, 0.0, 0.0, 0.0, 5.0],