{"test_loss": 1.0906540155410767, "test_accuracy": 0.6055555701255798, "test_acc_sterr": 0.030357950134439336, "_runtime": 263, "_timestamp": 1653321705, "_step": 0, "_wandb": {"runtime": 261}}