{"test_loss": 1.0710844218730926, "test_accuracy": 0.6277777880430222, "test_acc_sterr": 0.03293278048132013, "_runtime": 252, "_timestamp": 1653321205, "_step": 0, "_wandb": {"runtime": 250}}